2012-05-10 13-41-18,98,图说天下---奇趣啦旗下
2012-05-11 13-26-16,43,l3006000的展示页
2012-05-12 15-54-04,20,l3006000的展示页
2012-06-05 15-23-13,46,l3006000的展示页
2012-06-06 13-42-53,54,l3006000的展示页
2012-06-07 22-23-08,98,&nbsp;
2012-06-07 21-44-14,70,l3006000的展示页
2012-06-09 16-29-40,76,l3006000的展示页
2012-06-10 10-15-15,224,Meilele 美乐乐家具网
2012-06-10 10-18-59,154,【蒂美悦】现代风格 多功能时尚沙发床（左方向） XYX-RK111#-SFC-L【价格 图片 尺寸 品牌】
2012-06-10 10-05-23,128,【客厅家具】客厅家具品牌
2012-07-02 13-26-29,62,l3006000的展示页
2012-07-03 13-41-07,94,&nbsp;
2012-07-04 13-13-41,60,l3006000的展示页
2012-07-06 14-27-03,92,l3006000的展示页
2012-07-07 17-35-29,72,l3006000的展示页
2012-08-07 14-38-13,617,千奇百怪-做调查赢好礼-第一调查网
2012-08-07 13-17-30,104,l3006000的展示页
2012-08-09 08-15-22,98,l3006000的展示页
2012-08-10 13-55-28,1865,自动化网 - 会员登录
2012-08-10 13-42-04,110,l3006000的展示页
2012-08-12 13-44-27,116,l3006000的展示页
