2012-06-04 20-55-44,371,Jisha ::
2012-06-04 20-55-05,24,Jisha ::
2012-06-04 20-55-38,6,Jisha ::
2012-06-04 20-55-01,4,Jisha ::
2012-07-07 21-25-17,118,摇钱树
2012-07-07 21-34-01,77,任务赚取 - 集分宝
2012-07-07 21-36-16,73,摇钱树
2012-07-07 21-40-14,66,摇钱树
2012-07-07 21-22-20,57,丽子美妆
2012-07-07 21-41-30,52,摇钱树
2012-07-08 17-32-20,142,登录
2012-08-06 19-37-50,89,Jisha ::
2012-08-07 07-17-00,81,Jisha ::
2012-08-11 20-06-41,95,上海儿童博物馆
2012-08-11 20-00-06,76,上海儿童博物馆
2012-08-11 20-18-41,66,丁丁网-上海地图
2012-08-11 20-09-56,63,上海儿童博物馆：官网
2012-08-11 20-01-22,61,上海儿童博物馆：官网
2012-08-12 10-48-12,107,D?íD_2??-?μμà_D?à?í?
2012-08-12 11-04-35,80,上海儿童博物馆
