2012-05-13 11-56-49,4895,小花仙
2012-05-13 09-28-50,3402,小花仙
2012-05-13 13-18-36,2914,小花仙
2012-05-13 15-11-09,1842,小花仙
2012-05-13 16-08-42,1610,小花仙
2012-05-13 09-02-24,1456,小花仙
2012-05-13 15-50-50,1070,小花仙
2012-05-13 11-19-55,916,小花仙
2012-05-13 11-44-33,696,小花仙
2012-06-04 12-04-56,210,数字出版物超市_检索结果页
2012-06-06 09-45-50,462,小花仙
2012-06-06 09-43-46,39,奥拉星
2012-06-06 08-19-36,26,15-20万_15-20万报价_15-20万图片_15-20万排行榜_15-20万推荐_15-20万
2012-06-06 08-18-03,23,奥拉星
2012-06-09 08-42-19,531,奥拉星
2012-06-09 08-35-15,422,奥拉星
2012-06-09 08-17-15,196,奥拉星
2012-06-10 13-13-03,5447,奥拉星
2012-06-10 11-56-07,4612,奥拉星
2012-06-10 15-36-45,1210,奥拉星
2012-06-10 15-21-46,883,奥拉星
2012-06-10 09-31-55,854,奥拉星
2012-06-10 09-46-29,816,奥拉星
2012-06-10 15-05-53,763,小花仙
2012-06-10 11-08-46,660,奥拉星
