2012-05-10 09-53-44,79,易瑞授权访问系统
2012-05-10 09-53-12,30,易瑞授权访问系统
2012-05-10 08-55-56,26,易瑞授权访问系统
2012-05-10 08-56-46,26,易瑞授权访问系统
2012-05-10 09-55-05,24,易瑞授权访问系统
2012-05-10 08-57-30,24,易瑞授权访问系统
2012-05-10 08-55-12,18,易瑞授权访问系统
2012-05-11 15-13-09,28,易瑞授权访问系统
2012-05-11 15-12-31,22,易瑞授权访问系统
2012-05-11 15-14-29,19,易瑞授权访问系统
2012-05-11 15-12-13,16,易瑞授权访问系统
2012-05-11 15-13-00,7,易瑞授权访问系统
2012-06-05 16-43-34,32,易瑞授权访问系统
2012-06-05 16-49-28,23,易瑞授权访问系统
2012-06-05 16-44-52,20,易瑞授权访问系统
2012-06-05 16-46-07,19,易瑞授权访问系统
2012-06-05 16-48-31,17,易瑞授权访问系统
2012-06-05 16-43-08,11,易瑞授权访问系统
2012-06-05 16-44-33,10,易瑞授权访问系统
2012-06-05 19-34-46,216,易瑞授权访问系统
2012-06-05 19-33-32,74,易瑞授权访问系统
2012-06-05 19-30-52,50,易瑞授权访问系统
2012-06-05 19-46-36,48,易瑞授权访问系统
2012-06-05 19-09-30,46,易瑞授权访问系统
2012-06-05 19-11-42,38,易瑞授权访问系统
2012-06-05 19-16-54,34,易瑞授权访问系统
2012-06-05 19-20-33,32,易瑞授权访问系统
2012-06-05 19-17-30,30,易瑞授权访问系统
2012-06-05 19-12-20,29,易瑞授权访问系统
