2012-05-07 21-20-52,1166,神仙道官网
2012-05-07 11-39-19,731,神仙道官网
2012-05-08 18-16-06,1664,神仙道官网
2012-05-08 18-47-01,192,神仙道官网
2012-05-08 19-33-01,176,神仙道官网
2012-05-09 15-54-12,636,神仙道官网
2012-05-09 16-04-50,438,神仙道官网
2012-05-09 15-46-22,312,神仙道官网
2012-05-09 21-08-05,138,神仙道官网
2012-05-09 15-53-20,48,神仙道官网
2012-05-10 13-09-00,848,神仙道官网
2012-05-11 12-45-42,1190,神仙道官网
2012-05-11 15-47-57,662,神仙道官网
2012-05-11 18-13-44,238,神仙道官网
2012-05-11 13-17-45,196,神仙道官网
2012-05-12 14-06-03,1203,《加速世界》1-23
2012-05-13 13-31-56,1092,神仙道官网
2012-05-13 20-12-20,536,神仙道官网
2012-05-13 13-50-12,442,神仙道官网
2012-05-13 17-41-13,413,神仙道官网
2012-06-04 18-57-19,1915,神仙道官网
2012-06-04 14-52-34,1330,神仙道官网
2012-06-04 19-30-28,747,神仙道官网
2012-06-04 20-57-31,564,神仙道官网
2012-06-05 17-38-23,980,神仙道官网
2012-06-05 12-52-10,813,神仙道官网
2012-06-05 17-26-15,700,神仙道官网
2012-06-06 21-18-48,1130,神仙道官网
2012-06-06 12-24-03,721,神仙道官网
2012-06-06 14-47-25,660,神仙道官网
2012-06-06 14-32-24,469,神仙道官网
2012-06-07 15-16-47,940,神仙道官网
2012-06-07 22-33-13,598,神仙道官网
2012-06-07 20-01-03,566,神仙道官网
2012-06-08 16-57-40,1472,神仙道官网
2012-06-08 17-43-18,695,神仙道官网
2012-06-08 21-48-02,595,神仙道官网
2012-06-08 16-04-48,534,神仙道官网
2012-06-08 22-29-11,363,神仙道官网
2012-06-09 08-36-15,579,神仙道官网
2012-06-10 16-53-00,2080,神仙道官网
2012-06-10 17-29-08,945,神仙道官网
2012-06-10 16-17-57,535,神仙道官网
2012-07-02 16-05-29,926,神仙道官网
2012-07-02 18-34-21,694,神仙道官网
2012-07-02 19-19-52,591,神仙道官网
2012-07-02 18-48-11,480,神仙道官网
2012-07-02 19-13-00,400,神仙道官网
2012-07-03 22-04-21,1177,神仙道官网
2012-07-03 20-30-09,1155,神仙道官网
2012-07-03 17-31-10,270,神仙道官网
2012-07-03 17-43-05,214,神仙道官网
2012-07-03 21-28-26,208,神仙道官网
2012-07-04 17-00-17,1598,神仙道官网
2012-07-04 16-39-56,417,神仙道官网
2012-07-05 17-07-40,1941,神仙道官网
2012-07-05 19-00-18,247,神仙道官网
2012-07-05 17-04-02,214,神仙道官网
2012-07-05 18-19-52,177,神仙道官网
2012-07-07 07-47-49,1110,神仙道官网
2012-07-08 22-28-36,636,神仙道官网
2012-07-08 16-24-26,610,神仙道官网
2012-08-06 17-40-22,448,神仙道官网
2012-08-06 15-25-14,328,神仙道官网
2012-08-07 11-31-09,428,神仙道官网
2012-08-07 07-06-06,161,神仙道官网
2012-08-09 07-49-07,190,异烟肼和维生素B6一起服用，两个一次各_39健康问答_39健康网
2012-08-10 13-10-15,102,急！！取稿重金酬谢！李姓女宝宝起名-宝宝起名-起名取名 -猪八戒网
2012-08-11 07-40-26,16,刘雨欣大秀事业线 豪乳竟露青筋(3)
2012-08-11 07-40-06,12,刘雨欣大秀事业线 豪乳竟露青筋
