2012-07-02 14-00-39,954,铁路客户服务中心--客运服务
2012-07-08 13-31-33,1810,无限制，无底线，爱怎么玩就怎么玩！
2012-08-06 08-38-03,1437,王朝霸域:
2012-08-06 07-34-34,1000,王朝霸域:
2012-08-06 08-26-16,506,王朝霸域:
2012-08-06 09-03-47,455,王朝霸域:
2012-08-06 06-39-01,307,王朝霸域:
2012-08-06 08-13-52,232,王朝霸域:
2012-08-06 08-34-56,145,王朝霸域:
2012-08-06 08-09-11,143,王朝霸域:
2012-08-06 06-44-28,138,王朝霸域:
2012-08-07 06-13-29,70,王朝霸域:
2012-08-09 12-59-31,230,摩登城市
2012-08-10 20-07-26,2783,摩登城市
2012-08-11 22-04-10,4154,摩登城市
2012-08-11 20-14-04,2166,摩登城市
2012-08-11 18-38-35,506,摩登城市
2012-08-11 23-16-18,140,摩登城市
2012-08-11 23-20-21,136,摩登城市
2012-08-11 23-14-18,116,摩登城市
2012-08-11 18-47-47,60,摩登城市
2012-08-11 18-47-17,16,摩登城市
2012-08-12 13-04-07,1750,摩登城市
