2012-05-07 15-16-50,262,性感诱惑
2012-05-13 07-18-13,78,胸口有点痛是什么原因
2012-06-04 13-34-55,26,对唱情歌王与后
2012-06-09 09-05-20,66,路人甲美女详情_浙江宁波找女朋友征婚_赶集婚恋
2012-06-09 07-10-29,52,知己网 让天下有缘人终成知己！
2012-06-09 09-07-14,48,赶集婚恋登录页
2012-06-09 06-48-35,43,【上海浦东二手转让_交易市场】-上海赶集网
2012-07-03 09-10-59,220,菜系 - 中华菜系
2012-07-03 09-05-20,94,菜系 - 中华菜系
2012-07-03 09-09-37,82,菜系 - 中华菜系
2012-07-04 07-37-08,46,新式电表怎么偷电
2012-07-04 07-33-04,26,微电台首页 | 微电台
2012-07-04 07-08-28,26,花卉图片网
2012-07-04 08-40-41,24,着物I取I者をxぶ秘E
2012-08-07 10-03-24,38,著名古曲有哪些 - 爱问知识人
