2012-05-08 07-14-43,811,欢迎光临
2012-05-08 06-34-54,337,发问丶回答丶发现并参加问卷调查来赚取免费奖励 | Toluna
2012-05-08 07-11-08,159,欢迎光临
2012-05-09 06-30-54,63,Survey
2012-05-11 07-16-19,238,登录
2012-05-11 06-27-28,40,发问丶回答丶发现并参加问卷调查来赚取免费奖励 | Toluna
2012-05-12 21-25-21,132,天会调查
2012-05-12 21-20-54,37,天会调查-最活跃的市场调查，问卷调查，网络调查，有奖调查平台
2012-05-12 21-21-35,29,天会调查-最活跃的市场调查，问卷调查，网络调查，有奖调查平台
2012-05-12 21-24-01,25,天会调查
2012-05-12 21-24-26,18,天会调查
2012-05-13 07-13-59,88,欢迎光临
2012-05-13 07-02-32,56,周雅菲答应莫科求婚 两人现场热吻 - 七丽女性网
2012-06-05 06-47-20,567,Vovici - WSSubmit
2012-06-05 07-40-27,81,欢迎光临
2012-06-08 06-34-47,20,天会调查-最活跃的市场调查，问卷调查，网络调查，有奖调查平台
2012-06-10 07-56-09,322,欢迎光临
2012-06-10 07-24-42,279,欢迎光临
2012-06-10 07-29-46,214,欢迎光临
2012-06-10 08-05-59,150,欢迎光临
2012-06-10 07-39-46,149,欢迎光临
2012-06-10 08-22-48,128,登录
2012-06-10 07-52-21,121,欢迎光临
2012-07-03 06-57-09,211,欢迎光临
2012-07-03 06-53-01,197,欢迎光临
2012-07-06 07-09-47,56,最新调查列表_新秦调查网 网赚 网赚调查 免费网赚 网络调查
2012-07-06 07-19-46,47,登录
2012-07-06 07-20-35,25,登录
2012-07-07 18-30-10,196,－参与调查－新秦调查
2012-07-07 18-21-03,95,－参与调查－新秦调查
2012-07-07 18-08-28,88,－参与调查－新秦调查
2012-08-06 07-13-05,56,Yahoo!
2012-08-06 07-07-29,46,Yahoo!
2012-08-06 13-01-41,356,欢迎光临
2012-08-06 13-13-49,28,关注公益，关注人民网
2012-08-06 13-15-03,28,登录
2012-08-07 06-47-44,216,Online Survey
2012-08-07 07-00-35,123,Yahoo Search - Web Search
2012-08-07 07-12-22,81,霓虹肉身 (豆瓣)
2012-08-07 06-52-45,66,Yahoo Search - Web Search
2012-08-12 20-43-44,754,欢迎光临
